naam;adres;startDatum
Graspop;Ap #691-4054 Nec Rd.;04.14.13
Pukkelpop;394-5862 Mollis. St.;10.20.13
Rock Wechter;P.O. Box 728, 912 Lorem Avenue;01.29.14
Werchter Classic;Ap #502-831 Fusce Ave;01.03.14
Ieperfest;424-1877 Rutrum St.;04.14.14
Groezrock;535-1527 Dictum Avenue;05.12.13
Sunset festival;5503 Enim, Rd.;01.24.13
Sunrise festival;P.O. Box 420, 166 Elit Road;12.30.12
Pinkpop;Ap #229-924 Non, Avenue;03.28.13
CrammerRock;P.O. Box 171, 1334 Sit Ave;03.14.14
Lokerse Feesten;P.O. Box 958, 1269 Erat Rd.;04.29.13
